NPROC,NINPUT,STRATEGIA,TEMPO
1,200000000,1,0.8560356666666666
1,200000000,2,0.85285
1,200000000,3,0.853812
8,10000,1,0.0003035
8,100000,1,0.00027366666666666663
8,100000,2,0.00040425
8,100000,3,0.0003446666666666667
8,1000000,1,0.0009675
8,1000000,2,0.00085075
8,1000000,3,0.00092575
8,10000000,1,0.013887
8,10000000,2,0.0140152
8,10000000,3,0.0136648
8,100000000,2,0.13169
8,200000000,1,0.2617648
8,200000000,2,0.25614175
8,200000000,3,0.261775
8,400000000,2,0.521738
8,500000000,1,0.652013
