NINPUT,STRATEGIA,SPEEDUP,EFFICIENZA
100000000,1,23.352861,0.364888
200000000,1,24.579612,0.384056
200000000,2,24.670234,0.385472
200000000,2,24.670234,0.385699
