NINPUT,STRATEGIA,SPEEDUP,EFFICIENZA
200000000,1,15.135658,0.945979
200000000,2,15.201775,0.950111
200000000,3,15.141195,0.946325
