NINPUT,STRATEGIA,SPEEDUP,EFFICIENZA
200000000,1,15.135665,0.945979
200000000,2,15.20164,0.950102
200000000,3,15.141195,0.946325
