NINPUT,STRATEGIA,SPEEDUP,EFFICIENZA
100000000,1,23.352861,0.364888
200000000,1,24.579859,0.38406
200000000,2,24.670591,0.385478
200000000,2,24.670591,0.385699
