NINPUT,STRATEGIA,SPEEDUP,EFFICIENZA
100000000,1,21.971719,0.686616
100000000,2,23.482956,0.733842
200000000,1,24.684668,0.771396
200000000,2,21.466146,0.670817
200000000,3,24.820116,0.775629
